sppid,f0_avg
Bertel Haarder_V,112.60581854126646
Carina Christensen_KF,207.3427957135926
Helle Thorning-Schmidt_S,266.1924746651109
Karen Hækkerup_S,254.10486835822434
Lene Espersen_KF,225.94443807627422
Morten Bødskov_S,126.8248251955515
Morten Messerschmidt_DF,136.11463187155744
Peter Christensen_V,163.27720911855076
Pia Olsen Dyhr_SF,224.5211423906208
Simon Emil Ammitzbøll_RV,213.6326201547992
